,Unnamed: 0,Telegram Channel Name ,Code,Sample imported in Label Studio,Affiliation,Link,# of entries,# Subscribers,Start Date,End date / Collected on,Collected by,Notes
0,1,–û–ø–µ—Ä–∞—Ü–∏—è Z: –í–æ–µ–Ω–∫–æ—Ä—ã –†—É—Å—Å–∫–æ–π –í–µ—Å–Ω—ã,2.0,yes,Ru,https://t.me/RVvoenkor,,,,,,Updated link
1,2,Unian,17.0,,Ukr,https://t.me/uniannet,94701.0,846585,09/01/2021,05/05/2023,Jennifer,
2,3,Ukraina Online,16.0,,Ukr,https://t.me/+gRODKk7jO3xlYzU6,460206.0,1239500,09/01/2021,05/05/2023,Jennifer,
3,4,Pravdivosti,12.0,yes,,https://t.me/+Ocayu2hF8Go2YzUy,,,,,,Updated link
4,5,Nexta Live,0.0,yes,Ukr,https://t.me/nexta_live,50976.0,1221394,09/01/2021,05/05/2023,Jennifer,
5,6,Kipiatochek,11.0,yes,Ru,https://t.me/+utEAaND2Ug1jNzZi,15743.0,421544,09/01/2021,05/05/2023,Jennifer,
6,7,Ukraina Seichas,15.0,,Ukr,https://t.me/u_now,93059.0,1710235,09/01/2021,05/05/2023,Jennifer,
7,8,Zhest Dnia,18.0,,Ru,https://t.me/zvoinaukraina,21464.0,1503829,09/01/2021,05/05/2023,Jennifer,
8,9,Forpost,1.0,yes,,https://t.me/vorposte,39045.0,101984,09/01/2021,05/05/2023,Jennifer,
9,10,Dud,,,Ukr,https://t.me/yurydud,115.0,924272,09/01/2021,05/05/2023,Jennifer,
10,11,Ukraine_Alert,42.0,,Ukr,https://t.me/alert_ukraine,2134.0,1946,09/01/2021,05/05/2023,Jennifer,
11,12,kyivcityofficial,38.0,,Ukr,https://t.me/KyivCityOfficial,6482.0,497209,09/01/2021,05/05/2023,Jennifer,
12,13,informator_UKR,19.0,,Ukr,https://t.me/+LV7tr2_vgu02NjAy,34001.0,331890,09/01/2021,05/05/2023,Jennifer,
13,14,kyivpolitics,20.0,,Ukr,https://t.me/KyivPolitics,21377.0,114381,09/01/2021,05/05/2023,Jennifer,
14,15,ukrainenowrussia,,,,https://t.me/ukrainenowrussia,11940.0,361142,09/01/2021,05/05/2023,Jennifer,
15,16,–Ω–µ–≤–∑–æ—Ä–æ–≤,14.0,,Ukr,https://t.me/nevzorovtv,7818.0,1109497,09/01/2021,05/05/2023,Jennifer,
16,17,zerkalo.io,3.0,yes,Ukr,https://t.me/zerkalo_io,46390.0,287246,09/01/2021,05/05/2023,Jennifer,
17,18,adbestias,13.0,,,https://t.me/adbestias,4300.0,26485,09/01/2021,05/05/2023,Jennifer,
18,19,ZOV [previously: –£–∫—Ä–∞–∏–Ω–∞ Online –ù–æ–≤–æ—Å—Ç–∏ –í–æ–π–Ω–∞],,,,https://t.me/UkrainaOnlline,105.0,326,09/01/2021,05/05/2023,Jennifer,
19,20,meduza,4.0,yes,Ukr,https://t.me/meduzalive,82399.0,1180541,09/01/2021,05/05/2023,Jennifer,
20,21,–æ—Å—Ç–æ—Ä–æ–∂–Ω–æ –Ω–æ–≤–æ—Å—Ç–∏,5.0,yes,,https://t.me/ostorozhno_novosti,15975.0,1352776,09/01/2021,05/22/2023,Jennifer,
21,22,–ü–∏–≤–æ–≤–∞—Ä–æ–≤ —Ä–µ–¥–∞–∫—Ü–∏—è,6.0,,Ukr,https://t.me/redakciya_channel,18231.0,970622,09/01/2021,05/22/2023,Jennifer,
22,23,Ukraine now,7.0,yes,Ukr,https://t.me/UkraineNow,32762.0,751086,09/01/2021,05/22/2023,Jennifer,
23,24,–î–µ—Ç–µ–∫—Ç–æ—Ä –º–µ–¥—ñ–∞,8.0,yes,Ukr,https://t.me/detector_media,8813.0,7219,09/01/2021,05/22/2023,Jennifer,
24,25,varlamov_news,9.0,yes,Ukr,https://t.me/varlamov_news,40498.0,1012751,09/01/2021,05/22/2023,Jennifer,
25,26,–£–ü_—Å—Ç–∏—á–∫–∞,10.0,yes,Ukr,https://t.me/ukrpravda_news,30484.0,155353,09/01/2021,05/22/2023,Jennifer,
26,27,DeepState_ukr,32.0,,Ukr,https://t.me/DeepStateUA,15945.0,526929,09/01/2021,05/22/2023,Jennifer,
27,28,WarGonzo ,49.0,,,https://t.me/wargonzo,12084.0,1280983,09/01/2021,05/22/2023,Jennifer,
28,29,–°–ª–∞–¥–∫–æ–≤ +,43.0,,,https://t.me/Sladkov_plus,6063.0,999364,09/01/2021,05/22/2023,Jennifer,
29,30,–ü–æ–¥–¥—É–±–Ω—ã–π |Z|–û|V| edition,21.0,,,https://t.me/epoddubny,15416.0,890105,09/01/2021,05/22/2023,Jennifer,|Z|–û|V| shortened to ZOV
30,31,Kotsnews,22.0,,,https://t.me/sashakots,39098.0,653939,09/01/2021,05/22/2023,Jennifer,
31,32,–ü–æ–≤—ë—Ä–Ω—É—Ç—ã–µ –Ω–∞ Z –≤–æ–π–Ω–µ üá∑üá∫,23.0,,Ru,https://t.me/voenacher,43064.0,694019,09/01/2021,05/22/2023,Jennifer,"""üá∑üá∫"" excluded from file name."
32,33,–í–æ–µ–Ω–Ω—ã–π –û—Å–≤–µ–¥–æ–º–∏—Ç–µ–ª—å,24.0,,Ru,https://t.me/milinfolive,97036.0,552092,09/01/2021,05/22/2023,Jennifer,""" ' "" excluded from file name."
33,34,V–æ–µ–Ω–∫–æ—Ä –ö–æ—Ç–µ–Ω–æ–∫ Z,25.0,,Ru,https://t.me/voenkorKotenok,46356.0,423999,09/01/2021,05/22/2023,Jennifer,
34,35,–ö–û–ù–§–õ–ò–ö–¢ üÖâ ,,,Ru,https://t.me/konfliktworld,21304.0,10703,09/01/2021,05/22/2023,Jennifer,Z used instead of üÖâ 
35,36,–ú–∏–ª–∏—Ç–∞—Ä–∏—Å—Ç,26.0,,,https://t.me/infantmilitario,97292.0,199598,09/01/2021,05/22/2023,Jennifer,
36,37,WarJournal [Z],27.0,,Ru,https://t.me/warjournaltg,20862.0,45714,09/01/2021,05/22/2023,Jennifer,
37,38,Directorate 4,34.0,,,https://t.me/directorate4,15820.0,46045,09/01/2021,05/22/2023,Jennifer,
38,39,Oleg Blokhin ,28.0,,,https://t.me/Oleg_Blokhin,58177.0,35462,09/01/2021,05/22/2023,Jennifer,
39,40,–ú–∞–¥—É—Ä–æ - –Ω–µ –¥—É—Ä–∞ ,29.0,,,https://t.me/apleonkov,14590.0,35135,09/01/2021,05/22/2023,Jennifer,"""-"" removed"
40,41,–í–æ–µ–Ω–∫–æ—Ä üÖâ –ú–µ–¥–≤–µ–¥–µ–≤ ,45.0,,Ru,https://t.me/medvedev_note,6749.0,31250,09/01/2021,05/22/2023,Jennifer,Z used instead of üÖâ
41,42,–°–ø–µ—Ü–æ–ø–µ—Ä–∞—Ü–∏—è –Ω–∞ –£–∫—Ä–∞–∏–Ω–µ. –ü—Ä–∞–≤–¥–∏–≤—ã–µ –Ω–æ–≤–æ—Å—Ç–∏,30.0,,Ru,https://t.me/specops2022,21373.0,32336,09/01/2021,05/22/2023,Jennifer,
42,43,Conflict Zone,33.0,,,https://t.me/ConflictZone24,,,09/01/2021,05/22/2023,Jennifer,Updated link
43,44,–ö—Ä—ã–ª—å—è –≤–æ–π–Ω—ã,36.0,,,https://t.me/wingsofwar,14756.0,25619,09/01/2021,05/22/2023,Jennifer,""" ' "" excluded from file name."
44,45,–í–µ—Å—Ç–Ω–∏–∫ –î–∞–º–∞—Å–∫–∞,44.0,,,https://t.me/NovostiDamask,16202.0,11227,09/01/2021,05/22/2023,Jennifer,Pro Russian channel on the war in Syria. Could be useful?
45,46,V–æ–µ–Ω–Ω–∞—è –ë–∞Z–∞,46.0,,Ru,https://t.me/kapterkarus,3064.0,4037,09/01/2021,05/22/2023,Jennifer,
46,47,–û–ø–µ—Ä–∞—Ü–∏—è Z,39.0,,Ru,https://t.me/+L4BiOTrlJI8zMzgy,,,,,,Updated link
47,48,–†–∞–º–∑–∞–Ω –ö–∞–¥—ã—Ä–æ–≤ ‚ùóÔ∏è–ü–û–ù–û–ú–ê–†–¨ –í–û–ô–ù–ê,41.0,,Ru,https://t.me/kadyrov9590,2853.0,448055,09/01/2021,05/22/2023,Jennifer,"""‚ùóÔ∏è"" & "" ' "" excluded from file name."
48,49,"‚ö°Ô∏èüá∑üá∫ –°–≤–æ–¥–∫–∏ –æ–ø–æ–ª—á–µ–Ω–∏—è –ù–æ–≤–æ—Ä–æ—Å—Å–∏–∏ Z.O.V. (–î–ù–†, –õ–ù–†, –£–∫—Ä–∞–∏–Ω–∞, –í–æ–π–Ω–∞) ",,,Ru,https://t.me/swodki,251204.0,275418,09/01/2021,05/22/2023,Jennifer,"522MB! ""‚ö°Ô∏è"" & ""üá∑üá∫"" excluded from file name, periods and commas removed for clarity."
49,50,–í–û–ô–ù–ê [ –†–æ—Å—Å–∏—è –£–∫—Ä–∞–∏–Ω–∞ ],47.0,,,https://t.me/Voyna,12805.0,148287,09/01/2021,05/22/2023,Jennifer,
50,51,–í–æ–π–Ω–∞ –Ω–∞ –£–∫—Ä–∞–∏–Ω–µ | –í–æ–π–Ω–∞ —Å –£–∫—Ä–∞–∏–Ω–æ–π | –ú–æ–±–∏–ª–∏–∑–∞—Ü–∏—è,48.0,,,https://t.me/VoinaNaUkraine,13054.0,94293,09/01/2021,05/22/2023,Jennifer,"Everything after the first ""|"" excluded in file name."
51,52,–•–†–û–ù–ò–ö–ò –£–ö–†–ê–ò–ù–´ üá∫üá¶ –ù–û–í–û–°–¢–ò –í–û–ô–ù–ê,35.0,,Ukr,https://t.me/Hroniki_ua1,7227.0,82560,09/01/2021,05/22/2023,Jennifer,"""üá∫üá¶"" excluded from file name."
52,53,–í–æ–π–Ω–∞ - –£–∫—Ä–∞–∏–Ω–∞ –†–æ—Å—Å–∏—è –•–µ—Ä—Å–æ–Ω,31.0,,,https://t.me/Voyna18,,,,,,Updated link
53,54,–ú–∏—Ä–æ–≤–∞—è –¢–µ–ª–µ–≥–∞ –ù–æ–≤–æ—Å—Ç–µ–π | –£–∫—Ä–∞–∏–Ω–∞ –†–æ—Å—Å–∏—è –í–æ–π–Ω–∞,37.0,,,https://t.me/novosti_voyny,9903.0,56175,09/01/2021,05/22/2023,Jennifer,""" | "" excluded from file name."
54,55,"–ú–∏—Ä —Å–µ–≥–æ–¥–Ω—è —Å ""–Æ—Ä–∏–π –ü–æ–¥–æ–ª—è–∫–∞""",50.0,,,https://t.me/yurasumy,8600.0,2706295,09/01/2021,05/22/2023,Jennifer,
55,56,–î–º–∏—Ç—Ä–∏–π –ú–µ–¥–≤–µ–¥–µ–≤,51.0,,Ru,https://t.me/medvedev_telegram,315.0,1069523,09/01/2021,05/22/2023,Jennifer,
56,57,–ê–Ω–∞—Ç–æ–ª–∏–π –®–∞—Ä–∏–π,52.0,,Ukr,https://t.me/ASupersharij,19028.0,1159847,09/01/2021,05/22/2023,Jennifer,
57,58,–°—Ç—Ä–µ–ª–∫–æ–≤ –ò–≥–æ—Ä—å –ò–≤–∞–Ω–æ–≤–∏—á,53.0,,,https://t.me/strelkovii,4904.0,794298,09/01/2021,05/22/2023,Jennifer,
58,59,–ù–ï–í–ó–û–†–û–í,,,Ukr,https://t.me/nevzorovtv,7973.0,1099103,09/01/2021,05/22/2023,Jennifer,
59,60,Zelenskiy / Official,,,Ukr,https://t.me/V_Zelenskiy_official,6260.0,933204,09/01/2021,05/22/2023,Jennifer,"This channel contains English posts as well! Also, ""/"" excluded"
60,61,–ö—Ä–æ–≤–∞–≤–∞—è –±–∞—Ä—ã–Ω—è,,,Ukr,https://t.me/bloodysx,26919.0,1199821,09/01/2021,05/22/2023,Jennifer,
61,62,–í—è—á–µ—Å–ª–∞–≤ –í–æ–ª–æ–¥–∏–Ω,,,Ru,https://t.me/vv_volodin,643.0,982268,09/01/2021,05/22/2023,Jennifer,
62,63,–ê–ª–µ–∫—Å–∞–Ω–¥—Ä –•–æ–¥–∞–∫–æ–≤—Å–∫–∏–π ,,,,https://t.me/aleksandr_skif,2609.0,602485,09/01/2021,05/22/2023,Jennifer,
63,64,–†—ã–±–∞—Ä—å,,,,https://t.me/rybar,46299.0,1094427,09/01/2021,05/22/2023,Jennifer,""" ' "" excluded"
64,65,–õ–µ–≥–∏—Ç–∏–º–Ω—ã–π ,,,Ukr,https://t.me/legitimniy,15306.0,928250,09/01/2021,05/22/2023,Jennifer,
65,66,–û–ø–µ—Ä–∞—Ü–∏—è Z: –í–æ–µ–Ω–∫–æ—Ä—ã –†—É—Å—Å–∫–æ–π –í–µ—Å–Ω—ã,,,Ru,https://t.me/RVvoenkor,43118.0,1289079,09/01/2021,05/22/2023,Jennifer,
66,67,–ú–∏—Ä –ú–∏—Ö–∞–∏–ª–∞ –û–Ω—É—Ñ—Ä–∏–µ–Ω–∫–æ ,,,,https://t.me/Mikle1On,13559.0,679656,09/01/2021,05/22/2023,Jennifer,
67,68,–ú–∞—Ä–≥–∞—Ä–∏—Ç–∞ –°–∏–º–æ–Ω—å—è–Ω,,,Ru,https://t.me/margaritasimonyan,12703.0,491191,09/01/2021,05/22/2023,Jennifer,
68,69,–°–û–õ–û–í–¨–Å–í ,,,Ru,https://t.me/SolovievLive,174058.0,1330510,09/01/2021,05/22/2023,Jennifer,220MB
69,70,–ì–µ–Ω–µ—Ä–∞–ª –°–í–† ,,,,https://t.me/generalsvr,1037.0,368638,09/01/2021,05/22/2023,Jennifer,
70,71,Colonelcassad ,,,,https://t.me/boris_rozhin,85735.0,"837,230",09/01/2021,05/22/2023,Jennifer,
71,72,–°—Ç–∞–ª–∏–Ω–≥—É–ª–∞–≥,,,Ukr,https://t.me/stalin_gulag,6426.0,"482,316",09/01/2021,05/22/2023,Jennifer,
72,73,–í–æ–µ–Ω–Ω—ã–π –æ–±–æ–∑—Ä–µ–≤–∞—Ç–µ–ª—å,,,,https://t.me/new_militarycolumnist,102035.0,"205,316",09/01/2021,05/22/2023,Jennifer,""" ' "" excluded."
73,74,–ú–∞—Ä–æ—á–∫–æ Live,,,,https://t.me/marochkolive,38429.0,"28,364",09/01/2021,05/22/2023,Jennifer,
74,75,–û–ø–µ—Ä–∞—Ç–∏–≤–Ω—ã–µ —Å–≤–æ–¥–∫–∏ ,,,,https://t.me/opersvodki,13996.0,576748,09/01/2021,05/22/2023,Jennifer,
75,76,–°—Ç–∞—Ä—à–µ –≠–¥–¥—ã,,,,https://t.me/vysokygovorit,11354.0,617648,09/01/2021,05/22/2023,Jennifer,
76,77,–í–ª–∞–¥–ª–µ–Ω –¢–∞—Ç–∞—Ä—Å–∫–∏–π ,,,,https://t.me/vladlentatarsky,17305.0,479593,09/01/2021,05/22/2023,Jennifer,
77,78,"–ù–µ–æ—Ñ–∏—Ü–∏–∞–ª—å–Ω—ã–π –ë–µ–∑—Å–æ–Ω–æ–≤ ""Z""",,,Ru,https://t.me/NeoficialniyBeZsonoV,3985.0,477866,09/01/2021,05/22/2023,Jennifer,
78,79,Z–ê–ü–ò–°–ö–ò V–ï–¢–ï–†–ê–ù–ê,,,Ru,https://t.me/notes_veterans,9216.0,306660,09/01/2021,05/22/2023,Jennifer,
79,80,ZERGULIOüá∑üá∫,,,Ru,https://t.me/SergeyKolyasnikov,47482.0,238366,09/01/2021,05/22/2023,Jennifer,Emoji excluded!
80,81,–ê–ì–°_Z_–î–æ–Ω–±–∞—Å—Å–∞ ,,,Ru,https://t.me/Ags_Donbass,169999.0,208190,09/01/2021,05/22/2023,Jennifer,246MB
81,82,–ó–µ–†–∞–¥–∞,,,,https://t.me/ZeRada1,12141.0,336923,09/01/2021,05/22/2023,Jennifer,
82,83,–ú–∏–Ω–æ–±–æ—Ä–æ–Ω—ã –†–æ—Å—Å–∏–∏,,,Ru,https://t.me/mod_russia,13408.0,489829,09/01/2021,05/22/2023,Jennifer,
83,84,–°–ò–õ–û–í–ò–ö–ò üá∑üá∫ ,,,Ru,https://t.me/SIL0VIKI,66504.0,307349,09/01/2021,05/22/2023,Jennifer,Emoji excluded.
84,85,–ú–∞—Ä—å—è–Ω–∞ –ë–∞—Ç—å–∫–æ–≤–Ω–∞ ,,,,https://t.me/maryananaumova,1215.0,77262,09/01/2021,05/22/2023,Jennifer,""" ' ""s excluded."
85,86,kungurov,,,,https://t.me/alekseykungurov,628.0,23558,09/01/2021,05/22/2023,Jennifer,
86,87,–ê–†–•–ê–ù–ì–ï–õ –°–ü–ï–¶–ù–ê–ó–ê Züá∑üá∫,,,Ru,https://t.me/rusich_army,,783497,,,,
87,88,–°—Ç–∞—Ä—à–µ –≠–¥–¥—ã,,,,https://t.me/vysokygovorit,,620820,,,,
88,89,–í–æ–µ–Ω–Ω–∞—è —Ö—Ä–æ–Ω–∏–∫–∞,,,,https://t.me/milchronicles,,317044,,,,
89,90,First –ù–æ–≤–æ—Å—Ç–∏ –í–æ–π–Ω—ã,,,,https://t.me/first_political,,397534,,,,
90,91, –í–∏–¥–µ–æ —Å –°–í–û 18+,,,,https://t.me/video_s_svo,,2098,,,,
